[
  "Source Port",
  "Destination Port",
  "Packet Length",
  "Malware Indicators",
  "Anomaly Scores",
  "Alerts/Warnings",
  "Proxy Information",
  "Firewall Logs",
  "IDS/IPS Alerts",
  "Year",
  "Month",
  "Day",
  "Hour",
  "asn_num Source",
  "lat Source",
  "long Source",
  "asn_num Destination",
  "lat Destination",
  "long Destination",
  "Destination IP Private",
  "Destination IP Int",
  "Source IP Private",
  "Source IP Int",
  "octet1 Source",
  "octet2 Source",
  "octet3 Source",
  "octet4 Source",
  "octet1 Destination",
  "octet2 Destination",
  "octet3 Destination",
  "octet4 Destination",
  "dist Source/Dest",
  "len payload",
  "entropy payload",
  "Browser Version",
  "lat",
  "long",
  "pop",
  "asn_num Proxy",
  "lat Proxy",
  "long Proxy",
  "Protocol_ICMP",
  "Protocol_TCP",
  "Protocol_UDP",
  "Packet Type_Control",
  "Packet Type_Data",
  "Traffic Type_DNS",
  "Traffic Type_FTP",
  "Traffic Type_HTTP",
  "Attack Signature_Known Pattern A",
  "Attack Signature_Known Pattern B",
  "Action Taken_Blocked",
  "Action Taken_Ignored",
  "Action Taken_Logged",
  "Severity Level_High",
  "Severity Level_Low",
  "Severity Level_Medium",
  "Network Segment_Segment A",
  "Network Segment_Segment B",
  "Network Segment_Segment C",
  "Log Source_Firewall",
  "Log Source_Server",
  "country Source_Albania",
  "country Source_Algeria",
  "country Source_Andorra",
  "country Source_Angola",
  "country Source_Anguilla",
  "country Source_Argentina",
  "country Source_Armenia",
  "country Source_Aruba",
  "country Source_Australia",
  "country Source_Austria",
  "country Source_Azerbaijan",
  "country Source_Bahamas",
  "country Source_Bahrain",
  "country Source_Bangladesh",
  "country Source_Barbados",
  "country Source_Belarus",
  "country Source_Belgium",
  "country Source_Belize",
  "country Source_Benin",
  "country Source_Bolivia",
  "country Source_Bonaire, Sint Eustatius and Saba",
  "country Source_Bosnia and Herzegovina",
  "country Source_Botswana",
  "country Source_Brazil",
  "country Source_British Virgin Islands",
  "country Source_Brunei",
  "country Source_Bulgaria",
  "country Source_Burkina Faso",
  "country Source_Cambodia",
  "country Source_Cameroon",
  "country Source_Canada",
  "country Source_Chile",
  "country Source_China",
  "country Source_Colombia",
  "country Source_Congo (DRC)",
  "country Source_Congo Republic",
  "country Source_Costa Rica",
  "country Source_Croatia",
  "country Source_Cuba",
  "country Source_Cyprus",
  "country Source_Czechia",
  "country Source_Denmark",
  "country Source_Djibouti",
  "country Source_Dominica",
  "country Source_Dominican Republic",
  "country Source_Ecuador",
  "country Source_Egypt",
  "country Source_El Salvador",
  "country Source_Estonia",
  "country Source_Eswatini",
  "country Source_Ethiopia",
  "country Source_Faroe Islands",
  "country Source_Fiji",
  "country Source_Finland",
  "country Source_France",
  "country Source_French Guiana",
  "country Source_Gabon",
  "country Source_Gambia",
  "country Source_Georgia",
  "country Source_Germany",
  "country Source_Ghana",
  "country Source_Gibraltar",
  "country Source_Greece",
  "country Source_Guadeloupe",
  "country Source_Guam",
  "country Source_Guatemala",
  "country Source_Guernsey",
  "country Source_Guyana",
  "country Source_Heard and McDonald Islands",
  "country Source_Honduras",
  "country Source_Hong Kong",
  "country Source_Hungary",
  "country Source_Iceland",
  "country Source_India",
  "country Source_Indonesia",
  "country Source_Iran",
  "country Source_Iraq",
  "country Source_Ireland",
  "country Source_Isle of Man",
  "country Source_Israel",
  "country Source_Italy",
  "country Source_Ivory Coast",
  "country Source_Jamaica",
  "country Source_Japan",
  "country Source_Jersey",
  "country Source_Jordan",
  "country Source_Kazakhstan",
  "country Source_Kenya",
  "country Source_Kosovo",
  "country Source_Kuwait",
  "country Source_Kyrgyzstan",
  "country Source_Laos",
  "country Source_Latvia",
  "country Source_Lebanon",
  "country Source_Libya",
  "country Source_Liechtenstein",
  "country Source_Lithuania",
  "country Source_Luxembourg",
  "country Source_Macao",
  "country Source_Madagascar",
  "country Source_Malawi",
  "country Source_Malaysia",
  "country Source_Maldives",
  "country Source_Mali",
  "country Source_Malta",
  "country Source_Martinique",
  "country Source_Mauritius",
  "country Source_Mexico",
  "country Source_Moldova",
  "country Source_Mongolia",
  "country Source_Montenegro",
  "country Source_Montserrat",
  "country Source_Morocco",
  "country Source_Mozambique",
  "country Source_Myanmar",
  "country Source_Namibia",
  "country Source_Nauru",
  "country Source_Nepal",
  "country Source_Netherlands",
  "country Source_New Caledonia",
  "country Source_New Zealand",
  "country Source_Nicaragua",
  "country Source_Nigeria",
  "country Source_North Macedonia",
  "country Source_Norway",
  "country Source_Oman",
  "country Source_Pakistan",
  "country Source_Palestine",
  "country Source_Panama",
  "country Source_Paraguay",
  "country Source_Peru",
  "country Source_Philippines",
  "country Source_Poland",
  "country Source_Portugal",
  "country Source_Puerto Rico",
  "country Source_Qatar",
  "country Source_Romania",
  "country Source_Russia",
  "country Source_Rwanda",
  "country Source_R\u00e9union",
  "country Source_Saint Lucia",
  "country Source_San Marino",
  "country Source_Saudi Arabia",
  "country Source_Senegal",
  "country Source_Serbia",
  "country Source_Seychelles",
  "country Source_Singapore",
  "country Source_Slovakia",
  "country Source_Slovenia",
  "country Source_Somalia",
  "country Source_South Africa",
  "country Source_South Korea",
  "country Source_Spain",
  "country Source_Sri Lanka",
  "country Source_Sudan",
  "country Source_Sweden",
  "country Source_Switzerland",
  "country Source_Syria",
  "country Source_Taiwan",
  "country Source_Tajikistan",
  "country Source_Tanzania",
  "country Source_Thailand",
  "country Source_Timor-Leste",
  "country Source_Togo",
  "country Source_Tonga",
  "country Source_Trinidad and Tobago",
  "country Source_Tunisia",
  "country Source_T\u00fcrkiye",
  "country Source_U.S. Virgin Islands",
  "country Source_Uganda",
  "country Source_Ukraine",
  "country Source_United Arab Emirates",
  "country Source_United Kingdom",
  "country Source_United States",
  "country Source_Uruguay",
  "country Source_Uzbekistan",
  "country Source_Venezuela",
  "country Source_Vietnam",
  "country Source_Yemen",
  "country Source_Zambia",
  "country Destination_Afghanistan",
  "country Destination_Albania",
  "country Destination_Algeria",
  "country Destination_Andorra",
  "country Destination_Angola",
  "country Destination_Antigua and Barbuda",
  "country Destination_Argentina",
  "country Destination_Armenia",
  "country Destination_Australia",
  "country Destination_Austria",
  "country Destination_Azerbaijan",
  "country Destination_Bahrain",
  "country Destination_Bangladesh",
  "country Destination_Barbados",
  "country Destination_Belarus",
  "country Destination_Belgium",
  "country Destination_Belize",
  "country Destination_Benin",
  "country Destination_Bermuda",
  "country Destination_Bhutan",
  "country Destination_Bolivia",
  "country Destination_Bosnia and Herzegovina",
  "country Destination_Botswana",
  "country Destination_Brazil",
  "country Destination_British Virgin Islands",
  "country Destination_Bulgaria",
  "country Destination_Burkina Faso",
  "country Destination_Burundi",
  "country Destination_Cambodia",
  "country Destination_Cameroon",
  "country Destination_Canada",
  "country Destination_Cayman Islands",
  "country Destination_Chile",
  "country Destination_China",
  "country Destination_Colombia",
  "country Destination_Congo (DRC)",
  "country Destination_Costa Rica",
  "country Destination_Croatia",
  "country Destination_Cuba",
  "country Destination_Cura\u00e7ao",
  "country Destination_Cyprus",
  "country Destination_Czechia",
  "country Destination_Denmark",
  "country Destination_Dominican Republic",
  "country Destination_Ecuador",
  "country Destination_Egypt",
  "country Destination_El Salvador",
  "country Destination_Estonia",
  "country Destination_Ethiopia",
  "country Destination_Faroe Islands",
  "country Destination_Fiji",
  "country Destination_Finland",
  "country Destination_France",
  "country Destination_French Guiana",
  "country Destination_Gabon",
  "country Destination_Gambia",
  "country Destination_Georgia",
  "country Destination_Germany",
  "country Destination_Ghana",
  "country Destination_Gibraltar",
  "country Destination_Greece",
  "country Destination_Guadeloupe",
  "country Destination_Guam",
  "country Destination_Guatemala",
  "country Destination_Guyana",
  "country Destination_Honduras",
  "country Destination_Hong Kong",
  "country Destination_Hungary",
  "country Destination_Iceland",
  "country Destination_India",
  "country Destination_Indonesia",
  "country Destination_Iran",
  "country Destination_Iraq",
  "country Destination_Ireland",
  "country Destination_Isle of Man",
  "country Destination_Israel",
  "country Destination_Italy",
  "country Destination_Ivory Coast",
  "country Destination_Jamaica",
  "country Destination_Japan",
  "country Destination_Jersey",
  "country Destination_Jordan",
  "country Destination_Kazakhstan",
  "country Destination_Kenya",
  "country Destination_Kosovo",
  "country Destination_Kuwait",
  "country Destination_Kyrgyzstan",
  "country Destination_Latvia",
  "country Destination_Lebanon",
  "country Destination_Lesotho",
  "country Destination_Liberia",
  "country Destination_Libya",
  "country Destination_Liechtenstein",
  "country Destination_Lithuania",
  "country Destination_Luxembourg",
  "country Destination_Macao",
  "country Destination_Madagascar",
  "country Destination_Malawi",
  "country Destination_Malaysia",
  "country Destination_Maldives",
  "country Destination_Malta",
  "country Destination_Martinique",
  "country Destination_Mauritania",
  "country Destination_Mauritius",
  "country Destination_Mexico",
  "country Destination_Moldova",
  "country Destination_Mongolia",
  "country Destination_Montenegro",
  "country Destination_Morocco",
  "country Destination_Mozambique",
  "country Destination_Namibia",
  "country Destination_Nepal",
  "country Destination_Netherlands",
  "country Destination_New Zealand",
  "country Destination_Nicaragua",
  "country Destination_Nigeria",
  "country Destination_North Macedonia",
  "country Destination_Norway",
  "country Destination_Oman",
  "country Destination_Pakistan",
  "country Destination_Palestine",
  "country Destination_Panama",
  "country Destination_Papua New Guinea",
  "country Destination_Paraguay",
  "country Destination_Peru",
  "country Destination_Philippines",
  "country Destination_Poland",
  "country Destination_Portugal",
  "country Destination_Puerto Rico",
  "country Destination_Qatar",
  "country Destination_Romania",
  "country Destination_Russia",
  "country Destination_Rwanda",
  "country Destination_R\u00e9union",
  "country Destination_Saint Lucia",
  "country Destination_Saudi Arabia",
  "country Destination_Senegal",
  "country Destination_Serbia",
  "country Destination_Seychelles",
  "country Destination_Sierra Leone",
  "country Destination_Singapore",
  "country Destination_Sint Maarten",
  "country Destination_Slovakia",
  "country Destination_Slovenia",
  "country Destination_Somalia",
  "country Destination_South Africa",
  "country Destination_South Korea",
  "country Destination_Spain",
  "country Destination_Sri Lanka",
  "country Destination_Sudan",
  "country Destination_Suriname",
  "country Destination_Sweden",
  "country Destination_Switzerland",
  "country Destination_Syria",
  "country Destination_Taiwan",
  "country Destination_Tajikistan",
  "country Destination_Tanzania",
  "country Destination_Thailand",
  "country Destination_Togo",
  "country Destination_Trinidad and Tobago",
  "country Destination_Tunisia",
  "country Destination_Turkmenistan",
  "country Destination_T\u00fcrkiye",
  "country Destination_U.S. Virgin Islands",
  "country Destination_Uganda",
  "country Destination_Ukraine",
  "country Destination_United Arab Emirates",
  "country Destination_United Kingdom",
  "country Destination_United States",
  "country Destination_Uruguay",
  "country Destination_Uzbekistan",
  "country Destination_Venezuela",
  "country Destination_Vietnam",
  "country Destination_Yemen",
  "country Destination_Zambia",
  "country Destination_Zimbabwe",
  "country Destination_\u00c5land Islands",
  "asn_source type_Cloud/Hosting",
  "asn_source type_Education/Gov",
  "asn_source type_Enterprise",
  "asn_source type_Internet Provider",
  "asn_dest type_Cloud/Hosting",
  "asn_dest type_Education/Gov",
  "asn_dest type_Enterprise",
  "asn_dest type_Internet Provider",
  "Categorical Source Port_Ephemeral",
  "Categorical Source Port_Registered",
  "Categorical Destination Port_Ephemeral",
  "Categorical Destination Port_Registered",
  "Browser_Chrome",
  "Browser_Chrome Mobile iOS",
  "Browser_Firefox",
  "Browser_Firefox Mobile",
  "Browser_Firefox iOS",
  "Browser_IE",
  "Browser_Mobile Safari",
  "Browser_Opera",
  "Browser_Safari",
  "OS_Android",
  "OS_Linux",
  "OS_Mac OS X",
  "OS_Windows",
  "OS_iOS",
  "OS Version_1",
  "OS Version_10",
  "OS Version_11",
  "OS Version_12",
  "OS Version_14",
  "OS Version_2",
  "OS Version_2000",
  "OS Version_3",
  "OS Version_4",
  "OS Version_5",
  "OS Version_6",
  "OS Version_7",
  "OS Version_8",
  "OS Version_9",
  "OS Version_95",
  "OS Version_98",
  "OS Version_CE",
  "OS Version_ME",
  "OS Version_NT",
  "OS Version_Vista",
  "OS Version_XP",
  "Device_Mac",
  "Device_Other",
  "Device_Smartphone",
  "Device_Tablet",
  "Device_UG",
  "Device_iPad",
  "Device_iPhone",
  "Device_iPod",
  "Engine_AppleWebKit",
  "Engine_Gecko",
  "Engine_Presto",
  "Engine_Trident",
  "city_Adoni",
  "city_Agartala",
  "city_Agra",
  "city_Ahmedabad",
  "city_Ahmednagar",
  "city_Aizawl",
  "city_Ajmer",
  "city_Akola",
  "city_Alappuzha",
  "city_Aligarh",
  "city_Allahabad",
  "city_Alwar",
  "city_Amaravati",
  "city_Ambala",
  "city_Ambarnath",
  "city_Ambattur",
  "city_Amravati",
  "city_Amritsar",
  "city_Amroha",
  "city_Anand",
  "city_Anantapur",
  "city_Anantapuram",
  "city_Arrah",
  "city_Asansol",
  "city_Aurangabad",
  "city_Avadi",
  "city_Bahraich",
  "city_Ballia",
  "city_Bally",
  "city_Bangalore",
  "city_Baranagar",
  "city_Barasat",
  "city_Bardhaman",
  "city_Bareilly",
  "city_Bathinda",
  "city_Begusarai",
  "city_Belgaum",
  "city_Bellary",
  "city_Berhampore",
  "city_Berhampur",
  "city_Bettiah",
  "city_Bhagalpur",
  "city_Bhalswa Jahangir Pur",
  "city_Bharatpur",
  "city_Bhatpara",
  "city_Bhavnagar",
  "city_Bhilai",
  "city_Bhilwara",
  "city_Bhimavaram",
  "city_Bhind",
  "city_Bhiwandi",
  "city_Bhiwani",
  "city_Bhopal",
  "city_Bhubaneswar",
  "city_Bhusawal",
  "city_Bidar",
  "city_Bidhannagar",
  "city_Bihar Sharif",
  "city_Bijapur",
  "city_Bikaner",
  "city_Bilaspur",
  "city_Bokaro",
  "city_Bongaigaon",
  "city_Bulandshahr",
  "city_Burhanpur",
  "city_Buxar",
  "city_Chandigarh",
  "city_Chandrapur",
  "city_Chapra",
  "city_Chennai",
  "city_Chinsurah",
  "city_Chittoor",
  "city_Coimbatore",
  "city_Cuttack",
  "city_Danapur",
  "city_Darbhanga",
  "city_Davanagere",
  "city_Dehradun",
  "city_Dehri",
  "city_Delhi",
  "city_Deoghar",
  "city_Dewas",
  "city_Dhanbad",
  "city_Dharmavaram",
  "city_Dhule",
  "city_Dibrugarh",
  "city_Dindigul",
  "city_Durg",
  "city_Durgapur",
  "city_Eluru",
  "city_Erode",
  "city_Etawah",
  "city_Faridabad",
  "city_Farrukhabad",
  "city_Fatehpur",
  "city_Firozabad",
  "city_Gandhidham",
  "city_Gandhinagar",
  "city_Gangtok",
  "city_Gaya",
  "city_Ghaziabad",
  "city_Giridih",
  "city_Gopalpur",
  "city_Gorakhpur",
  "city_Gudivada",
  "city_Gulbarga",
  "city_Guna",
  "city_Guntakal",
  "city_Guntur",
  "city_Gurgaon",
  "city_Guwahati",
  "city_Gwalior",
  "city_Hajipur",
  "city_Haldia",
  "city_Hapur",
  "city_Haridwar",
  "city_Hazaribagh",
  "city_Hindupur",
  "city_Hospet",
  "city_Hosur",
  "city_Howrah",
  "city_Hubli\u2013Dharwad",
  "city_Hyderabad",
  "city_Ichalkaranji",
  "city_Imphal",
  "city_Indore",
  "city_Jabalpur",
  "city_Jaipur",
  "city_Jalandhar",
  "city_Jalgaon",
  "city_Jalna",
  "city_Jamalpur",
  "city_Jammu",
  "city_Jamnagar",
  "city_Jamshedpur",
  "city_Jaunpur",
  "city_Jehanabad",
  "city_Jhansi",
  "city_Jodhpur",
  "city_Jorhat",
  "city_Junagadh",
  "city_Kadapa",
  "city_Kakinada",
  "city_Kalyan-Dombivli",
  "city_Kamarhati",
  "city_Kanpur",
  "city_Karaikudi",
  "city_Karawal Nagar",
  "city_Karimnagar",
  "city_Karnal",
  "city_Katihar",
  "city_Katni",
  "city_Kavali",
  "city_Khammam",
  "city_Khandwa",
  "city_Kharagpur",
  "city_Khora ",
  "city_Kirari Suleman Nagar",
  "city_Kishanganj",
  "city_Kochi",
  "city_Kolhapur",
  "city_Kolkata",
  "city_Kollam",
  "city_Korba",
  "city_Kota",
  "city_Kottayam",
  "city_Kozhikode",
  "city_Kulti",
  "city_Kumbakonam",
  "city_Kurnool",
  "city_Latur",
  "city_Loni",
  "city_Lucknow",
  "city_Ludhiana",
  "city_Machilipatnam",
  "city_Madanapalle",
  "city_Madhyamgram",
  "city_Madurai",
  "city_Mahbubnagar",
  "city_Maheshtala",
  "city_Malda",
  "city_Malegaon",
  "city_Mangalore",
  "city_Mango",
  "city_Mathura",
  "city_Mau",
  "city_Medininagar",
  "city_Meerut",
  "city_Mehsana",
  "city_Mira-Bhayandar",
  "city_Miryalaguda",
  "city_Mirzapur",
  "city_Moradabad",
  "city_Morbi",
  "city_Morena",
  "city_Motihari",
  "city_Mumbai",
  "city_Munger",
  "city_Muzaffarnagar",
  "city_Muzaffarpur",
  "city_Mysore",
  "city_Nadiad",
  "city_Nagaon",
  "city_Nagercoil",
  "city_Nagpur",
  "city_Naihati",
  "city_Nanded",
  "city_Nandyal",
  "city_Nangloi Jat",
  "city_Narasaraopet",
  "city_Nashik",
  "city_Navi Mumbai",
  "city_Nellore",
  "city_New Delhi",
  "city_Nizamabad",
  "city_Noida",
  "city_North Dumdum",
  "city_Ongole",
  "city_Orai",
  "city_Ozhukarai",
  "city_Pali",
  "city_Pallavaram",
  "city_Panchkula",
  "city_Panihati",
  "city_Panipat",
  "city_Panvel",
  "city_Parbhani",
  "city_Patiala",
  "city_Patna",
  "city_Phagwara",
  "city_Phusro",
  "city_Pimpri-Chinchwad",
  "city_Pondicherry",
  "city_Proddatur",
  "city_Pudukkottai",
  "city_Pune",
  "city_Purnia",
  "city_Raebareli",
  "city_Raichur",
  "city_Raiganj",
  "city_Raipur",
  "city_Rajahmundry",
  "city_Rajkot",
  "city_Rajpur Sonarpur",
  "city_Ramagundam",
  "city_Ramgarh",
  "city_Rampur",
  "city_Ranchi",
  "city_Ratlam",
  "city_Raurkela Industrial Township",
  "city_Rewa",
  "city_Rohtak",
  "city_Rourkela",
  "city_Sagar",
  "city_Saharanpur",
  "city_Saharsa",
  "city_Salem",
  "city_Sambalpur",
  "city_Sambhal",
  "city_Sangli-Miraj & Kupwad",
  "city_Sasaram",
  "city_Satara",
  "city_Satna",
  "city_Secunderabad",
  "city_Serampore",
  "city_Shahjahanpur",
  "city_Shimla",
  "city_Shimoga",
  "city_Shivpuri",
  "city_Sikar",
  "city_Silchar",
  "city_Siliguri",
  "city_Singrauli",
  "city_Sirsa",
  "city_Siwan",
  "city_Solapur",
  "city_Sonipat",
  "city_South Dumdum",
  "city_Sri Ganganagar",
  "city_Srikakulam",
  "city_Srinagar",
  "city_Sultan Pur Majra",
  "city_Surat",
  "city_Surendranagar Dudhrej",
  "city_Suryapet",
  "city_Tadepalligudem",
  "city_Tadipatri",
  "city_Tenali",
  "city_Tezpur",
  "city_Thane",
  "city_Thanjavur",
  "city_Thiruvananthapuram",
  "city_Thoothukudi",
  "city_Thrissur",
  "city_Tinsukia",
  "city_Tiruchirappalli",
  "city_Tirunelveli",
  "city_Tirupati",
  "city_Tiruppur",
  "city_Tiruvottiyur",
  "city_Tumkur",
  "city_Udaipur",
  "city_Udupi",
  "city_Ujjain",
  "city_Ulhasnagar",
  "city_Uluberia",
  "city_Unnao",
  "city_Vadodara",
  "city_Varanasi",
  "city_Vasai-Virar",
  "city_Vellore",
  "city_Vijayanagaram",
  "city_Vijayawada",
  "city_Visakhapatnam",
  "city_Warangal",
  "city_Yamunanagar",
  "state_ Andhra Pradesh",
  "state_ Arunachal Pradesh",
  "state_ Assam",
  "state_ Bihar",
  "state_ Chhattisgarh",
  "state_ Goa",
  "state_ Gujarat",
  "state_ Haryana",
  "state_ Himachal Pradesh",
  "state_ Jharkhand",
  "state_ Karnataka",
  "state_ Kerala",
  "state_ Madhya Pradesh",
  "state_ Maharashtra",
  "state_ Manipur",
  "state_ Meghalaya",
  "state_ Mizoram",
  "state_ Nagaland",
  "state_ Odisha",
  "state_ Punjab",
  "state_ Rajasthan",
  "state_ Sikkim",
  "state_ Tamil Nadu",
  "state_ Telangana",
  "state_ Tripura",
  "state_ Uttar Pradesh",
  "state_ Uttarakhand",
  "state_ West Bengal",
  "country Proxy_Afghanistan",
  "country Proxy_Albania",
  "country Proxy_Algeria",
  "country Proxy_American Samoa",
  "country Proxy_Angola",
  "country Proxy_Antigua and Barbuda",
  "country Proxy_Argentina",
  "country Proxy_Armenia",
  "country Proxy_Australia",
  "country Proxy_Austria",
  "country Proxy_Azerbaijan",
  "country Proxy_Bahrain",
  "country Proxy_Bangladesh",
  "country Proxy_Barbados",
  "country Proxy_Belarus",
  "country Proxy_Belgium",
  "country Proxy_Bolivia",
  "country Proxy_Bosnia and Herzegovina",
  "country Proxy_Botswana",
  "country Proxy_Brazil",
  "country Proxy_Brunei",
  "country Proxy_Bulgaria",
  "country Proxy_Burkina Faso",
  "country Proxy_Cambodia",
  "country Proxy_Cameroon",
  "country Proxy_Canada",
  "country Proxy_Chile",
  "country Proxy_China",
  "country Proxy_Colombia",
  "country Proxy_Congo Republic",
  "country Proxy_Costa Rica",
  "country Proxy_Croatia",
  "country Proxy_Cuba",
  "country Proxy_Cura\u00e7ao",
  "country Proxy_Cyprus",
  "country Proxy_Czechia",
  "country Proxy_Denmark",
  "country Proxy_Dominican Republic",
  "country Proxy_Ecuador",
  "country Proxy_Egypt",
  "country Proxy_El Salvador",
  "country Proxy_Equatorial Guinea",
  "country Proxy_Estonia",
  "country Proxy_Eswatini",
  "country Proxy_Ethiopia",
  "country Proxy_Finland",
  "country Proxy_France",
  "country Proxy_Gabon",
  "country Proxy_Gambia",
  "country Proxy_Georgia",
  "country Proxy_Germany",
  "country Proxy_Ghana",
  "country Proxy_Greece",
  "country Proxy_Guatemala",
  "country Proxy_Haiti",
  "country Proxy_Honduras",
  "country Proxy_Hong Kong",
  "country Proxy_Hungary",
  "country Proxy_Iceland",
  "country Proxy_India",
  "country Proxy_Indonesia",
  "country Proxy_Iran",
  "country Proxy_Iraq",
  "country Proxy_Ireland",
  "country Proxy_Israel",
  "country Proxy_Italy",
  "country Proxy_Ivory Coast",
  "country Proxy_Jamaica",
  "country Proxy_Japan",
  "country Proxy_Jersey",
  "country Proxy_Jordan",
  "country Proxy_Kazakhstan",
  "country Proxy_Kenya",
  "country Proxy_Kosovo",
  "country Proxy_Kuwait",
  "country Proxy_Laos",
  "country Proxy_Latvia",
  "country Proxy_Libya",
  "country Proxy_Lithuania",
  "country Proxy_Luxembourg",
  "country Proxy_Macao",
  "country Proxy_Madagascar",
  "country Proxy_Malawi",
  "country Proxy_Malaysia",
  "country Proxy_Maldives",
  "country Proxy_Malta",
  "country Proxy_Martinique",
  "country Proxy_Mauritius",
  "country Proxy_Mexico",
  "country Proxy_Moldova",
  "country Proxy_Mongolia",
  "country Proxy_Montenegro",
  "country Proxy_Morocco",
  "country Proxy_Myanmar",
  "country Proxy_Namibia",
  "country Proxy_Nepal",
  "country Proxy_Netherlands",
  "country Proxy_New Caledonia",
  "country Proxy_New Zealand",
  "country Proxy_Niger",
  "country Proxy_Nigeria",
  "country Proxy_North Macedonia",
  "country Proxy_Norway",
  "country Proxy_Oman",
  "country Proxy_Pakistan",
  "country Proxy_Palestine",
  "country Proxy_Panama",
  "country Proxy_Paraguay",
  "country Proxy_Peru",
  "country Proxy_Philippines",
  "country Proxy_Poland",
  "country Proxy_Portugal",
  "country Proxy_Puerto Rico",
  "country Proxy_Qatar",
  "country Proxy_Romania",
  "country Proxy_Russia",
  "country Proxy_Rwanda",
  "country Proxy_Saint Vincent and the Grenadines",
  "country Proxy_Saudi Arabia",
  "country Proxy_Senegal",
  "country Proxy_Serbia",
  "country Proxy_Seychelles",
  "country Proxy_Sierra Leone",
  "country Proxy_Singapore",
  "country Proxy_Slovakia",
  "country Proxy_Slovenia",
  "country Proxy_South Africa",
  "country Proxy_South Korea",
  "country Proxy_Spain",
  "country Proxy_Sri Lanka",
  "country Proxy_Sudan",
  "country Proxy_Suriname",
  "country Proxy_Sweden",
  "country Proxy_Switzerland",
  "country Proxy_Syria",
  "country Proxy_Taiwan",
  "country Proxy_Tanzania",
  "country Proxy_Thailand",
  "country Proxy_Togo",
  "country Proxy_Trinidad and Tobago",
  "country Proxy_Tunisia",
  "country Proxy_T\u00fcrkiye",
  "country Proxy_U.S. Virgin Islands",
  "country Proxy_Uganda",
  "country Proxy_Ukraine",
  "country Proxy_United Arab Emirates",
  "country Proxy_United Kingdom",
  "country Proxy_United States",
  "country Proxy_Uruguay",
  "country Proxy_Uzbekistan",
  "country Proxy_Vanuatu",
  "country Proxy_Vatican City",
  "country Proxy_Venezuela",
  "country Proxy_Vietnam",
  "country Proxy_Yemen",
  "country Proxy_Zambia",
  "asn_proxy type_Cloud/Hosting",
  "asn_proxy type_Education/Gov",
  "asn_proxy type_Enterprise",
  "asn_proxy type_Internet Provider"
]